{"rss":[[23,36,51,65,80,93,104,108,111,114]],"obb":[[10,19,31,41,52,62,72,82,92,102]],"lss":[[2,4,7,9,10,12,14,16,18,19]],"volRSS":1416.1184550434468,"volOBB":236.00431890122502,"volLSS":231.28421778562299,"volComRSS":99754.3800266514,"volComOBB":49288.67738449142,"volComLSS":22592.459565539004,"combinedDevide":10000}