{"rss":[[15,15,15,15,15,15,15,15,15,15]],"obb":[[0,0,0,0,0,0,16,16,16,16]],"lss":[[0,0,0,0,0,0,0,0,0,0]],"volRSS":1877.655239873455,"volOBB":219.36263259677844,"volLSS":268.42371570766153,"volComRSS":93882.7619936865,"volComOBB":29429.725082591052,"volComLSS":13420.95563373628,"combinedDevide":10000}