{"rssArrayReal":[[50]],"obbArrayReal":[[9]],"lssArrayReal":[[5]],"totalOverlapRSS":16011,"totalOverlapOBB":6783,"totalOverlapLSS":2431,"rss":[[26,44,66,94,112,116,124,131,135,137]],"obb":[[12,21,31,41,51,61,69,69,69,69]],"lss":[[3,5,6,8,10,12,14,15,17,19]],"rssNoMin":[[2,4,5,7,9,11,14,16,17,19]],"rssOverlap":10000,"rssNoMinOverlap":10000,"obbOverlap":10000,"lssOverlap":10000,"volRSS":514.338059948014,"volOBB":236.4390997002489,"volLSS":260.61898272171084,"volComRSS":26755.949453880625,"volComOBB":50770.781825749254,"volComLSS":23004.119807319254,"realVolRSS":3.769589446180343E7,"realVolOBB":2390744.4935415783,"realVolLSS":1770304.9239647393,"realVolComRSS":2.3433872358041925E9,"realVolComOBB":6.435210539792553E8,"realVolComLSS":4.4266684486037856E8,"devide":100,"realDevide":2337}