{"rss":[[62,125,250,468,687,906,1125,1359,1578,1796]],"obb":[[63,141,204,282,344,422,485,547,625,688]],"lss":[[16,31,47,47,62,78,78,94,109,109]],"rssNoMin":[[157,297,438,578,719,860,1000,1125,1266,1407]],"rssOverlap":0,"rssNoMinOverlap":0,"obbOverlap":0,"lssOverlap":0,"volRSS":6492.623941193703,"volOBB":2161.708703334155,"volLSS":2352.7580502933765,"volComRSS":2890851.1292321472,"volComOBB":3360016.1473318134,"volComLSS":1442846.2138309535,"combinedDevide":1000000}