{"rss":[[328,641,969,1281,1594,1906,2219,2531,2844,3156]],"obb":[[125,250,360,516,641,766,875,1000,1125,1250]],"lss":[[16,32,47,63,94,110,125,141,157,172]],"rssNoMin":[[250,500,750,985,1235,1485,1719,1969,2219,2453]],"volRSS":20399.131659564442,"volOBB":2107.0404261786057,"volLSS":2539.746705973605,"volComRSS":1.1333468132668003E7,"volComOBB":3900855.781043111,"volComLSS":1568920.424488547,"combinedDevide":1000000}