{"rssArrayReal":[[48]],"rssNoMinArrayReal":[[32]],"obbArrayReal":[[16]],"lssArrayReal":[[0]],"totalOverlapRSS":16011,"totalOverlapNominRSS":16011,"totalOverlapOBB":6783,"totalOverlapLSS":2431,"rss":[[156,297,453,594,735,875,1031,1125,1188,1235]],"obb":[[78,140,218,281,359,437,500,578,640,718]],"lss":[[16,16,32,47,47,63,78,78,94,110]],"rssNoMin":[[140,297,437,578,734,875,1015,1156,1312,1453]],"rssOverlap":1000000,"rssNoMinOverlap":1000000,"obbOverlap":1000000,"lssOverlap":1000000,"volRSS":5750.417145442435,"volOBB":2398.9519853562574,"volLSS":2412.706582865276,"volComRSS":2709136.17660174,"volComOBB":4471911.797332061,"volComLSS":1600616.2210023736,"realVolRSS":3.769589446180343E7,"realVolOBB":2390744.4935415783,"realVolLSS":1770304.9239647393,"realVolComRSS":2.3433872358041925E9,"realVolComOBB":6.435210539792553E8,"realVolComLSS":4.4266684486037856E8,"devide":1000,"realDevide":2337}