{"rssArrayReal":[[63]],"rssNoMinArrayReal":[[16]],"obbArrayReal":[[16]],"lssArrayReal":[[0]],"totalOverlapRSS":17281,"totalOverlapNominRSS":17239,"totalOverlapOBB":6783,"totalOverlapLSS":7077,"rss":[[62,125,187,234,297,375,469,562,656,766]],"obb":[[62,140,203,281,343,421,484,562,625,703]],"lss":[[15,15,31,47,47,62,78,93,93,109]],"rssNoMin":[[78,141,203,281,344,406,484,547,625,688]],"rssOverlap":1000000,"rssNoMinOverlap":1000000,"obbOverlap":1000000,"lssOverlap":1000000,"volRSS":2514.1725467223687,"volOBB":1580.0000240498607,"volLSS":1944.2671863040075,"volComRSS":5595538.458516011,"volComOBB":3652348.7066244707,"volComLSS":1638300.8327483144,"realVolRSS":5347383.536358931,"realVolOBB":2390744.4935415783,"realVolLSS":6328703.43987057,"realVolComOBB":6.435210539792553E8,"realVolComLSS":5.575319586363325E8,"devide":1000,"realDevide":2337}