{"rss":[[32,48,58,76,87,102,112,121,126,129]],"obb":[[11,20,29,40,49,60,70,80,89,99]],"lss":[[2,4,5,7,9,11,12,14,15,17]],"rssNoMin":[[2,7,9,11,13,15,18,20,22,24]],"volRSS":1604.1680128580701,"volOBB":229.29251738676348,"volLSS":237.9873562311319,"volComRSS":96539.70043055108,"volComOBB":47767.388305414905,"volComLSS":19846.50553688817,"combinedDevide":10000}