{"rssArrayReal":[[0]],"rssNoMinArrayReal":[[47]],"obbArrayReal":[[46]],"lssArrayReal":[[0]],"totalOverlapRSS":17282,"totalOverlapNominRSS":17282,"totalOverlapOBB":6783,"totalOverlapLSS":7077,"rss":[[156,313,453,594,719,859,1000,1141,1281,1422]],"obb":[[78,141,219,281,359,422,484,562,625,703]],"lss":[[16,16,31,47,47,63,78,78,94,109]],"rssNoMin":[[141,297,438,579,719,860,1000,1141,1282,1422]],"rssOverlap":1000000,"rssNoMinOverlap":1000000,"obbOverlap":1000000,"lssOverlap":1000000,"volRSS":3131.1835108999608,"volOBB":2030.9551401635047,"volLSS":2123.0230674734025,"volComRSS":-1,"volComOBB":4519445.005743423,"volComLSS":1324986.8157023252,"realVolRSS":5347383.536358931,"realVolOBB":2390744.4935415783,"realVolLSS":6328703.43987057,"realVolComOBB":6.435210539792553E8,"realVolComLSS":5.575319586363325E8,"devide":1000,"realDevide":2337}